nflId,name,position,age,height,weight,team_name
25511,Tom Brady,QB,47.0,76,225,TB
29851,Aaron Rodgers,QB,40.0,74,225,GB
30842,Marcedes Lewis,TE,40.0,78,267,GB
33084,Matt Ryan,QB,39.0,76,217,IND
33099,Joe Flacco,QB,39.0,78,245,NYJ
33131,Calais Campbell,DE,38.0,80,300,BAL
33138,Chad Henne,QB,39.0,75,222,KC
34452,Matthew Stafford,QB,36.0,75,220,LA
35443,Trent Williams,T,36.0,77,320,SF
35449,Tyson Alualu,NT,37.0,75,304,PIT
35452,Brandon Graham,DE,36.0,74,265,PHI
35459,Kareem Jackson,SS,36.0,70,185,DEN
35466,Devin McCourty,FS,37.0,70,195,NE
35470,Jerry Hughes,DE,36.0,74,254,HOU
35472,Rodger Saffold,G,36.0,77,325,BUF
35493,Carlos Dunlap,OLB,35.0,78,285,KC
35562,Al Woods,NT,37.0,76,330,SEA
37075,Von Miller,OLB,35.0,75,250,BUF
37077,A.J. Green,WR,36.0,76,210,ARI
37078,Patrick Peterson,CB,34.0,73,203,MIN
37079,Julio Jones,WR,35.0,75,220,TB
37087,Robert Quinn,OLB,34.0,76,257,CHI
37097,Cameron Jordan,DE,35.0,76,287,NO
37101,Mark Ingram,RB,34.0,69,215,NO
37104,Cameron Heyward,DT,35.0,77,295,PIT
37130,Rodney Hudson,C,35.0,74,315,ARI
37139,Randall Cobb,WR,34.0,70,192,GB
37145,Justin Houston,OLB,35.0,75,270,BAL
37266,Jason Kelce,C,37.0,75,295,PHI
37308,Lawrence Guy,DT,34.0,76,315,NE
37778,Josh Bynes,ILB,35.0,73,235,BAL
38538,Ryan Tannehill,QB,36.0,76,207,TEN
38540,Stephon Gilmore,CB,34.0,73,202,IND
38542,Fletcher Cox,DT,33.0,76,310,PHI
38544,Michael Brockers,DE,33.0,77,305,DET
38548,Melvin Ingram,OLB,35.0,74,247,MIA
38551,Chandler Jones,DE,34.0,77,265,LV
38557,Kevin Zeitler,G,34.0,76,315,BAL
38559,Harrison Smith,SS,35.0,74,214,MIN
38577,Bobby Wagner,ILB,34.0,72,242,LA
38588,Lavonte David,ILB,34.0,73,233,TB
38592,Casey Hayward,CB,35.0,71,192,ATL
38605,Russell Wilson,QB,35.0,71,215,DEN
38607,Demario Davis,MLB,35.0,74,248,NO
38619,Akiem Hicks,DT,34.0,76,352,TB
38629,Ben Jones,C,35.0,75,308,TEN
38632,Kirk Cousins,QB,36.0,75,202,MIN
38696,Marvin Jones,WR,34.0,74,198,JAX
38779,Kelvin Beachum,T,35.0,75,308,ARI
38843,Rodney McLeod,FS,34.0,70,195,IND
38868,Tashaun Gipson,FS,34.0,73,212,SF
39212,Brandon Bolden,RB,34.0,71,220,LV
39684,Greg Van Roten,G,34.0,75,305,BUF
39908,Erik Harris,FS,34.0,74,220,ATL
39950,Lane Johnson,T,34.0,78,317,PHI
39975,Cordarrelle Patterson,RB,33.0,74,238,ATL
39983,Zach Ertz,TE,33.0,77,250,ARI
39984,Darius Slay,CB,33.0,72,190,PHI
39987,Geno Smith,QB,34.0,75,221,SEA
39989,Robert Woods,WR,32.0,72,193,TEN
39997,Johnathan Hankins,NT,32.0,75,340,LV
40011,Travis Kelce,TE,35.0,77,260,KC
40017,Tyrann Mathieu,FS,32.0,69,190,NO
40023,Terron Armstead,T,33.0,77,304,MIA
40024,Keenan Allen,WR,32.0,74,211,LAC
40026,Marquise Goodwin,WR,33.0,69,179,SEA
40030,John Jenkins,NT,35.0,75,327,MIA
40031,Logan Ryan,FS,33.0,71,195,TB
40039,Duron Harmon,SS,33.0,73,205,LV
40074,William Gholston,DE,33.0,78,281,TB
40078,Kyle Juszczyk,FB,33.0,73,240,SF
40095,Steven Means,OLB,34.0,75,263,BAL
40107,Micah Hyde,FS,33.0,72,197,BUF
40138,Rex Burkhead,RB,34.0,70,215,HOU
40149,Ryan Griffin,TE,34.0,78,255,CHI
40166,Jordan Poyer,SS,33.0,72,191,BUF
40171,Nicholas Williams,DT,34.0,76,309,NYG
40347,Mike Purcell,NT,33.0,75,328,DEN
40488,Adam Thielen,WR,34.0,74,200,MIN
40737,Tony Jefferson,SS,32.0,71,212,NYG
41069,James Ferentz,C,35.0,74,300,NE
41227,Jadeveon Clowney,DE,31.0,77,255,CLE
41230,Sammy Watkins,WR,31.0,73,211,GB
41231,Khalil Mack,OLB,33.0,75,269,LAC
41232,Jake Matthews,T,32.0,77,309,ATL
41233,Mike Evans,WR,31.0,77,231,TB
41235,Anthony Barr,OLB,32.0,77,255,DAL
41237,Taylor Lewan,T,33.0,79,309,TEN
41239,Aaron Donald,DT,33.0,73,280,LA
41240,Kyle Fuller,CB,32.0,71,194,BAL
41242,Zack Martin,G,33.0,76,315,DAL
41243,C.J. Mosley,ILB,32.0,74,250,NYJ
41245,Ja'Wuan James,T,32.0,78,312,BAL
41246,Brandin Cooks,WR,31.0,70,183,HOU
41257,Bradley Roby,CB,32.0,71,194,NO
41263,Demarcus Lawrence,DE,32.0,75,265,DAL
41264,Joel Bitonio,G,33.0,76,320,CLE
41265,Derek Carr,QB,33.0,75,210,LV
41269,Kyle Van Noy,OLB,33.0,75,250,LAC
41270,Lamarcus Joyner,SS,33.0,68,185,NYJ
41282,Davante Adams,WR,31.0,73,215,LV
41290,Allen Robinson,WR,31.0,74,220,LA
41292,Jarvis Landry,WR,31.0,71,196,NO
41293,Justin Britt,C,33.0,78,315,HOU
41295,Morgan Moses,T,33.0,78,330,BAL
41300,Christian Kirksey,OLB,32.0,74,235,HOU
41310,Gabe Jackson,G,33.0,75,336,SEA
41321,Trai Turner,G,31.0,75,315,WAS
41325,Jerick McKinnon,RB,32.0,69,205,KC
41327,Richard Rodgers,TE,32.0,76,257,LAC
41336,Justin Ellis,DT,33.0,74,350,NYG
41341,DaQuan Jones,DT,32.0,76,322,BUF
41349,Logan Thomas,TE,33.0,78,250,WAS
41361,Kevin Pierre-Louis,OLB,33.0,72,230,HOU
41363,Brent Urban,DE,33.0,79,300,BAL
41369,Cameron Fleming,T,32.0,78,320,DEN
41390,Corey Linsley,C,33.0,75,301,LAC
41403,Devon Kennard,OLB,33.0,75,256,ARI
41464,Shelby Harris,DE,33.0,74,290,SEA
41475,Charles Leno,T,33.0,75,305,WAS
41532,James Hurst,T,32.0,77,310,NO
41563,Cornelius Lucas,T,33.0,80,328,WAS
41595,Mike Pennel,NT,33.0,76,332,CHI
41630,Justin McCray,C,32.0,75,317,HOU
41667,Josh Wells,T,33.0,78,306,TB
41712,Damien Williams,RB,32.0,71,224,ATL
41786,Kerry Hyder,DE,33.0,74,270,SF
41808,Keith Smith,FB,32.0,72,240,ATL
41915,Shaquil Barrett,OLB,31.0,74,250,TB
41939,Andrew Norwell,G,33.0,78,325,WAS
41959,Matt Feiler,G,32.0,78,330,LAC
42030,K'Waun Williams,CB,33.0,69,183,DEN
42031,Denico Autry,DE,34.0,77,285,TEN
42033,Cameron Brate,TE,33.0,77,245,TB
42116,Adrian Phillips,SS,32.0,71,210,NE
42302,Chris Manhertz,TE,32.0,78,255,JAX
42331,Efe Obada,DE,32.0,78,265,WAS
42344,Jameis Winston,QB,30.0,76,231,NO
42345,Marcus Mariota,QB,31.0,76,222,ATL
42346,Dante Fowler,OLB,30.0,75,255,DAL
42347,Amari Cooper,WR,30.0,73,211,CLE
42348,Brandon Scherff,G,32.0,77,315,JAX
42349,Leonard Williams,DT,30.0,77,302,NYG
42356,Andrus Peat,G,31.0,79,316,NO
42357,DeVante Parker,WR,31.0,75,216,NE
42358,Melvin Gordon,RB,31.0,73,215,DEN
42360,Arik Armstead,DT,30.0,79,292,SF
42363,Nelson Agholor,WR,31.0,72,198,NE
42365,Bud Dupree,OLB,31.0,76,269,TEN
42367,D.J. Humphries,T,30.0,77,307,ARI
42368,Shaq Thompson,ILB,30.0,72,230,CAR
42369,Breshad Perriman,WR,31.0,74,215,TB
42371,Laken Tomlinson,G,32.0,75,312,NYJ
42372,Phillip Dorsett,WR,31.0,70,192,HOU
42377,Donovan Smith,T,31.0,78,338,TB
42381,Preston Smith,OLB,31.0,77,265,GB
42388,Eric Kendricks,ILB,32.0,72,232,MIN
42391,Denzel Perryman,ILB,31.0,71,240,LV
42392,Mitch Morse,C,32.0,78,305,BUF
42393,Ronald Darby,CB,30.0,71,193,DEN
42395,Jordan Phillips,DE,32.0,78,341,BUF
42397,Ameer Abdullah,RB,31.0,69,203,LV
42398,Maxx Williams,TE,30.0,76,252,ARI
42400,Rob Havenstein,T,32.0,80,328,LA
42401,Markus Golden,OLB,33.0,75,260,ARI
42403,Randy Gregory,DE,31.0,77,255,DEN
42406,Frank Clark,DE,31.0,75,260,KC
42410,A.J. Cann,G,33.0,75,325,HOU
42412,Tyler Lockett,WR,32.0,70,182,SEA
42419,Chris Conley,WR,32.0,75,205,HOU
42421,P.J. Williams,CB,31.0,72,196,NO
42427,Jordan Hicks,ILB,32.0,73,236,MIN
42428,Tyler Kroft,TE,32.0,78,250,SF
42431,Danielle Hunter,OLB,30.0,77,252,MIN
42433,Carl Davis,NT,32.0,77,320,NE
42436,Henry Anderson,DE,33.0,78,301,CAR
42437,Ty Montgomery,WR,31.0,72,216,NE
42441,Steven Nelson,CB,31.0,71,194,HOU
42443,Angelo Blackson,DT,31.0,76,318,CHI
42448,Jamison Crowder,WR,31.0,69,177,BUF
42465,Za'Darius Smith,OLB,32.0,76,272,MIN
42467,Kwon Alexander,OLB,30.0,73,227,NYJ
42469,Mike Davis,RB,31.0,69,221,BAL
42470,Damien Wilson,MLB,31.0,72,243,CAR
42471,Jon Feliciano,C,32.0,76,323,NYG
42474,Shaquille Mason,G,31.0,73,310,TB
42476,Max Garcia,G,32.0,76,309,ARI
42477,Mark Glowinski,G,32.0,76,310,NYG
42480,Grady Jarrett,DT,31.0,72,305,ATL
42485,Adrian Amos,FS,31.0,72,214,GB
42488,Bobby McCain,FS,31.0,71,192,WAS
42489,Stefon Diggs,WR,30.0,72,191,BUF
42500,C.J. Uzomah,TE,31.0,78,260,NYJ
42503,Jesse James,TE,30.0,79,250,CLE
42511,Michael Burton,FB,32.0,72,240,KC
42543,Quandre Diggs,FS,31.0,69,197,SEA
42547,Darren Waller,TE,32.0,78,255,LV
42553,Christian Ringo,DT,32.0,73,298,NO
42560,Rakeem Nunez-Roches,NT,31.0,74,307,TB
42569,Bobby Hart,T,30.0,77,310,BUF
42587,Trenton Brown,T,31.0,80,380,NE
42589,Geoff Swaim,TE,31.0,76,260,TEN
42654,La'el Collins,T,31.0,76,320,CIN
42718,Raheem Mostert,RB,32.0,70,197,MIA
42721,Eric Tomlinson,TE,32.0,78,263,DEN
42794,DeAndre Carter,WR,31.0,68,190,LAC
42816,Troy Hill,CB,33.0,71,184,LA
42818,Jake Kumerow,WR,32.0,76,209,BUF
42826,DeShawn Williams,DT,31.0,73,292,DEN
42827,Justin Coleman,CB,31.0,71,190,SEA
42883,David Andrews,C,32.0,75,300,NE
42901,Dean Marlowe,SS,32.0,73,208,ATL
42929,Alex Singleton,OLB,30.0,74,242,DEN
42935,Bryce Callahan,CB,33.0,69,188,LAC
43290,Jared Goff,QB,30.0,76,223,DET
43291,Carson Wentz,QB,31.0,77,237,WAS
43292,Joey Bosa,OLB,29.0,77,280,LAC
43293,Ezekiel Elliott,RB,29.0,72,228,DAL
43294,Jalen Ramsey,CB,30.0,73,208,LA
43296,DeForest Buckner,DT,30.0,79,300,IND
43298,Leonard Floyd,DE,32.0,77,240,LA
43299,Eli Apple,CB,29.0,73,203,CIN
43301,Sheldon Rankins,DT,30.0,74,305,NYJ
43302,Laremy Tunsil,T,30.0,77,313,HOU
43305,Taylor Decker,T,31.0,79,318,DET
43307,Ryan Kelly,C,31.0,76,309,IND
43313,William Jackson,CB,32.0,72,196,WAS
43316,Kenny Clark,NT,29.0,75,314,GB
43321,Emmanuel Ogbah,DE,30.0,76,275,MIA
43324,Hunter Henry,TE,29.0,77,250,NE
43325,Myles Jack,ILB,29.0,73,244,PIT
43326,Chris Jones,DT,30.0,78,308,KC
43327,Xavien Howard,CB,31.0,73,200,MIA
43329,Sterling Shepard,WR,31.0,70,201,NYG
43332,Austin Johnson,NT,30.0,76,314,LAC
43333,Jihad Ward,OLB,30.0,77,287,NYG
43334,Derrick Henry,RB,30.0,75,247,TEN
43335,A'Shawn Robinson,DT,29.0,76,330,LA
43336,Michael Thomas,WR,31.0,75,212,NO
43338,Jarran Reed,DT,31.0,75,306,GB
43344,Tyler Boyd,WR,29.0,74,203,CIN
43345,Cody Whitehair,G,32.0,75,309,CHI
43350,Vonn Bell,SS,29.0,71,205,CIN
43351,James Bradberry,CB,31.0,73,212,PHI
43352,Adam Gotsis,DE,32.0,76,287,JAX
43353,Kevin Byard,FS,31.0,71,212,TEN
43354,Carl Nassib,OLB,31.0,79,275,TB
43356,Maliek Collins,DT,29.0,74,308,HOU
43358,Yannick Ngakoue,DE,29.0,74,246,IND
43361,Jonathan Bullard,DE,31.0,75,296,MIN
43362,Kenyan Drake,RB,30.0,73,211,BAL
43367,Joe Thuney,G,31.0,77,308,KC
43368,Isaac Seumalo,G,31.0,76,303,PHI
43370,Austin Hooper,TE,30.0,76,254,TEN
43373,Kendall Fuller,CB,29.0,71,198,WAS
43376,Nick Vigil,ILB,31.0,74,235,ARI
43378,Javon Hargrave,DT,31.0,74,305,PHI
43380,Jacoby Brissett,QB,31.0,76,235,CLE
43384,Graham Glasgow,G,32.0,78,310,DEN
43387,Justin Simmons,FS,30.0,74,202,DEN
43396,Chris Moore,WR,31.0,73,200,HOU
43399,Tyler Higbee,TE,31.0,78,257,LA
43400,Miles Killebrew,SS,31.0,74,222,PIT
43404,De'Vondre Campbell,ILB,31.0,76,232,GB
43405,Hassan Ridgeway,DT,30.0,75,305,SF
43409,David Onyemata,DT,31.0,76,300,NO
43411,Andrew Billings,DT,29.0,73,328,LV
43413,Deon Bush,SS,31.0,72,200,KC
43415,Demarcus Robinson,WR,30.0,73,203,BAL
43424,Dak Prescott,QB,31.0,74,238,DAL
43426,Dean Lowry,DE,30.0,78,296,GB
43433,Connor McGovern,C,31.0,76,306,NYJ
43435,Matt Judon,OLB,32.0,75,261,NE
43436,Quinton Jefferson,DE,31.0,76,291,SEA
43441,Matt Ioannidis,DT,30.0,75,310,CAR
43445,Jonathan Williams,RB,30.0,72,217,WAS
43454,Tyreek Hill,WR,30.0,70,185,MIA
43455,D.J. Reader,NT,30.0,75,347,CIN
43478,Anthony Brown,CB,30.0,71,196,DAL
43484,Wes Schweitzer,G,31.0,77,314,WAS
43487,Derek Watt,FB,31.0,74,234,PIT
43495,Mike Thomas,WR,30.0,73,189,CIN
43496,Jeff Driskel,QB,31.0,76,235,HOU
43497,Kamu Grugier-Hill,ILB,30.0,74,230,HOU
43503,Elandon Roberts,ILB,30.0,72,238,MIA
43510,Ted Karras,C,31.0,76,305,CIN
43522,Jalen Mills,CB,30.0,72,191,NE
43533,Jayron Kearse,FS,30.0,76,215,DAL
43537,Austin Blythe,C,32.0,75,300,SEA
43584,Kalif Raymond,WR,30.0,68,182,DET
43586,George Fant,T,32.0,77,322,NYJ
43641,Mike Hilton,CB,30.0,69,184,CIN
43694,Michael Pierce,NT,31.0,72,340,BAL
43700,Jonathan Jones,CB,31.0,70,190,NE
43722,J.D. McKissic,RB,31.0,70,195,WAS
43787,Roy Robertson-Harris,DT,31.0,77,294,JAX
43791,Morgan Fox,DE,30.0,75,275,LAC
43797,Cory Littleton,OLB,30.0,75,228,CAR
43808,Robbie  Chosen,WR,31.0,75,190,CAR
43821,Jake Brendel,C,32.0,76,299,SF
43845,Stephen Anderson,TE,31.0,75,230,ARI
43971,C.J. Ham,FB,31.0,71,235,MIN
44068,Lucas Patrick,G,31.0,75,313,CHI
44792,Mo Alie-Cox,TE,31.0,77,267,IND
44813,Myles Garrett,DE,28.0,76,272,CLE
44814,Mitchell Trubisky,QB,30.0,74,215,PIT
44815,Solomon Thomas,DT,29.0,74,280,NYJ
44816,Leonard Fournette,RB,29.0,72,228,TB
44817,Corey Davis,WR,29.0,75,209,NYJ
44818,Jamal Adams,SS,29.0,73,213,SEA
44819,Mike Williams,WR,30.0,76,218,LAC
44820,Christian McCaffrey,RB,28.0,71,205,CAR
44822,Patrick Mahomes,QB,29.0,75,230,KC
44823,Marshon Lattimore,CB,28.0,72,192,NO
44825,Haason Reddick,OLB,30.0,73,235,PHI
44826,Derek Barnett,DE,28.0,75,259,PHI
44827,Malik Hooker,FS,28.0,73,212,DAL
44828,Marlon Humphrey,CB,28.0,72,197,BAL
44829,Jonathan Allen,DT,29.0,75,300,WAS
44830,Adoree' Jackson,CB,29.0,71,185,NYG
44831,O.J. Howard,TE,29.0,78,250,HOU
44832,Garett Bolles,T,32.0,77,300,DEN
44834,Charles Harris,OLB,29.0,75,250,DET
44835,Evan Engram,TE,30.0,75,240,JAX
44837,Jabrill Peppers,SS,29.0,71,213,NE
44841,David Njoku,TE,28.0,76,246,CLE
44842,T.J. Watt,OLB,30.0,76,252,PIT
44844,Ryan Ramczyk,T,30.0,78,314,NO
44846,Cam Robinson,T,29.0,78,320,JAX
44848,Budda Baker,SS,28.0,70,195,ARI
44849,Zay Jones,WR,29.0,74,200,JAX
44851,Marcus Maye,FS,31.0,72,207,NO
44852,Curtis Samuel,WR,28.0,71,195,WAS
44853,Dalvin Cook,RB,29.0,70,210,MIN
44854,Marcus Williams,FS,28.0,73,195,BAL
44855,Sidney Jones,CB,28.0,72,181,SEA
44856,Gerald Everett,TE,30.0,75,240,LAC
44860,Joe Mixon,RB,28.0,73,220,CIN
44862,Justin Evans,SS,29.0,72,199,NO
44863,DeMarcus Walker,DE,30.0,76,280,TEN
44866,Raekwon McMillan,ILB,28.0,74,242,NE
44867,Dalvin Tomlinson,DT,30.0,75,318,MIN
44869,Zach Cunningham,ILB,29.0,75,238,TEN
44870,Ethan Pocic,C,29.0,78,320,CLE
44872,Chidobe Awuzie,CB,29.0,72,202,CIN
44873,Josh Jones,FS,30.0,74,220,SEA
44874,JuJu Smith-Schuster,WR,27.0,73,215,KC
44875,Dion Dawkins,T,30.0,77,320,BUF
44876,Taylor Moton,T,30.0,77,325,CAR
44877,Larry Ogunjobi,DT,30.0,75,305,PIT
44878,Ahkello Witherspoon,CB,29.0,74,195,PIT
44879,Alvin Kamara,RB,29.0,70,215,NO
44880,Dawuane Smoot,DE,29.0,75,264,JAX
44881,Cooper Kupp,WR,31.0,74,208,LA
44882,Pat Elflein,C,30.0,75,303,CAR
44886,Chris Wormley,DE,31.0,77,300,PIT
44887,Duke Riley,ILB,30.0,73,230,MIA
44888,Alex Anzalone,ILB,30.0,75,240,DET
44892,Tarell Basham,DE,30.0,76,266,DAL
44896,Chris Godwin,WR,28.0,73,209,TB
44898,Kareem Hunt,RB,29.0,71,216,CLE
44901,D'Onta Foreman,RB,28.0,73,233,CAR
44902,Shaquill Griffin,CB,29.0,72,198,JAX
44903,John Johnson,FS,28.0,72,209,CLE
44904,Jourdan Lewis,CB,29.0,70,195,DAL
44905,Montravius Adams,NT,29.0,76,304,PIT
44906,Cameron Sutton,CB,29.0,71,188,PIT
44908,Kenny Golladay,WR,31.0,76,213,NYG
44911,Rasul Douglas,CB,29.0,74,209,GB
44912,Jonnu Smith,TE,29.0,75,248,NE
44915,Trey Hendrickson,DE,29.0,76,270,CIN
44917,James Conner,RB,29.0,73,233,ARI
44925,Eddie Jackson,SS,30.0,72,202,CHI
44926,Rayshawn Jenkins,SS,30.0,73,220,JAX
44927,Samaje Perine,RB,29.0,71,240,CIN
44929,Carl Lawson,DE,29.0,74,265,NYJ
44930,Josh Reynolds,WR,29.0,75,196,DET
44931,Mack Hollins,WR,31.0,76,221,LV
44938,Samson Ebukam,DE,29.0,75,245,SF
44944,Deatrich Wise,DE,30.0,77,275,NE
44947,Jamaal Williams,RB,29.0,72,213,DET
44949,Sean Harlow,C,29.0,76,284,ARI
44957,Grover Stewart,DT,31.0,76,315,IND
44964,Desmond King,CB,29.0,70,201,HOU
44968,Jayon Brown,OLB,29.0,72,226,LV
44972,Jermaine Eluemunor,G,29.0,76,335,LV
44974,Anthony Walker,MLB,29.0,73,230,CLE
44976,Matt Milano,OLB,30.0,72,223,BUF
44978,Jamal Agnew,WR,29.0,70,190,JAX
44985,Isaiah McKenzie,WR,29.0,68,173,BUF
44987,Eric Saubert,TE,30.0,77,253,DEN
44990,Trent Taylor,WR,30.0,68,181,CIN
44991,Davon Godchaux,NT,29.0,75,311,NE
44995,Aaron Jones,RB,29.0,69,208,GB
44999,Chuck Clark,SS,29.0,72,205,BAL
45004,Xavier Woods,FS,29.0,71,202,CAR
45008,Tanner Vallejo,ILB,29.0,73,228,ARI
45009,Al-Quadin Muhammad,DE,29.0,76,250,CHI
45011,D.J. Jones,DT,29.0,72,321,DEN
45012,Chase Roullier,C,31.0,76,312,WAS
45033,Ifeadi Odenigbo,DE,30.0,75,258,IND
45038,Isaac Rochell,DE,29.0,76,280,CLE
45045,Elijah Lee,OLB,28.0,74,229,KC
45052,Noah Brown,WR,28.0,74,225,DAL
45094,Johnny Mundt,TE,29.0,76,232,MIN
45102,Zach Pascal,WR,29.0,74,214,PHI
45185,Kendrick Bourne,WR,29.0,73,203,NE
45186,Matt Breida,RB,29.0,70,190,NYG
45217,Cethan Carter,TE,29.0,75,248,MIA
45226,Josh Tupou,NT,30.0,75,345,CIN
45244,Taysom Hill,TE,34.0,74,221,NO
45268,Patrick Ricard,FB,30.0,75,311,BAL
45280,Cody Hollister,WR,30.0,76,209,TEN
45287,Kenny Moore,CB,29.0,69,190,IND
45339,Pharaoh Brown,TE,30.0,78,258,HOU
45345,Nicholas Morrow,OLB,29.0,72,225,CHI
45352,Austin Calitro,ILB,30.0,72,240,NYG
45355,Anthony Firkser,TE,29.0,74,246,ATL
45395,Arthur Maulet,CB,31.0,70,190,PIT
45536,Cooper Rush,QB,30.0,75,225,DAL
45550,Elijah Wilkinson,T,29.0,78,329,ATL
45571,Michael Davis,CB,29.0,74,196,LAC
45573,Austin Ekeler,RB,29.0,70,200,LAC
45630,Storm Norton,T,30.0,79,317,LAC
45635,Robert Tonyan,TE,30.0,77,237,GB
45643,Dylan Cole,ILB,30.0,72,237,TEN
45695,Andrew Wylie,G,30.0,78,309,KC
45785,Dan Arnold,TE,29.0,78,220,JAX
45798,Michael Dunn,G,30.0,77,307,CLE
45900,River Cracraft,WR,30.0,72,200,MIA
46070,Baker Mayfield,QB,29.0,73,215,CAR
46071,Saquon Barkley,RB,27.0,71,233,NYG
46073,Denzel Ward,CB,27.0,71,191,CLE
46074,Bradley Chubb,OLB,28.0,76,275,DEN
46075,Quenton Nelson,G,28.0,77,330,IND
46076,Josh Allen,QB,28.0,77,237,BUF
46077,Roquan Smith,ILB,27.0,72,230,CHI
46078,Mike McGlinchey,T,29.0,80,315,SF
46080,Minkah Fitzpatrick,FS,27.0,73,207,PIT
46081,Vita Vea,NT,29.0,76,347,TB
46082,Daron Payne,DT,27.0,75,320,WAS
46083,Marcus Davenport,DE,28.0,78,265,NO
46084,Kolton Miller,T,29.0,80,325,LV
46085,Tremaine Edmunds,ILB,26.0,77,250,BUF
46086,Derwin James,FS,28.0,74,215,LAC
46087,Jaire Alexander,CB,27.0,70,196,GB
46088,Leighton Vander Esch,OLB,28.0,76,256,DAL
46089,Frank Ragnow,C,28.0,77,311,DET
46091,Rashaan Evans,ILB,28.0,74,234,ATL
46092,Isaiah Wynn,T,28.0,74,310,NE
46093,D.J. Moore,WR,27.0,71,215,CAR
46094,Hayden Hurst,TE,31.0,76,245,CIN
46096,Rashaad Penny,RB,28.0,71,220,SEA
46097,Terrell Edmunds,SS,27.0,73,217,PIT
46098,Taven Bryan,DT,28.0,76,291,CLE
46099,Mike Hughes,CB,27.0,70,191,DET
46100,Sony Michel,RB,29.0,71,215,LAC
46101,Lamar Jackson,QB,27.0,74,212,BAL
46102,Austin Corbett,G,29.0,76,305,CAR
46103,Will Hernandez,G,29.0,74,327,ARI
46104,Nick Chubb,RB,28.0,71,225,CLE
46106,Braden Smith,T,28.0,78,315,IND
46108,James Daniels,G,27.0,75,305,PIT
46109,Courtland Sutton,WR,29.0,76,216,DEN
46111,Mike Gesicki,TE,29.0,78,252,MIA
46113,Dante Pettis,WR,29.0,73,195,CHI
46116,Christian Kirk,WR,27.0,71,200,JAX
46117,Uchenna Nwosu,OLB,27.0,74,251,SEA
46118,Dallas Goedert,TE,29.0,77,256,PHI
46119,Connor Williams,G,27.0,77,298,MIA
46123,Jessie Bates,FS,27.0,73,200,CIN
46124,Donte Jackson,CB,28.0,70,180,CAR
46130,D.J. Chark,WR,28.0,76,198,DET
46131,Brian O'Neill,T,29.0,79,297,MIN
46132,Carlton Davis,CB,27.0,73,206,TB
46133,Tyquan Lewis,DE,29.0,75,277,IND
46135,Lorenzo Carter,OLB,28.0,77,250,ATL
46137,Justin Reid,SS,27.0,73,204,KC
46138,B.J. Hill,DT,29.0,75,311,CIN
46139,Fred Warner,ILB,27.0,75,236,SF
46141,Nathan Shepherd,DT,31.0,76,315,NYJ
46142,Jerome Baker,ILB,27.0,74,225,MIA
46143,Geron Christian,T,28.0,78,315,KC
46144,Derrick Nnadi,DT,28.0,73,310,KC
46146,Sam Hubbard,DE,29.0,77,265,CIN
46151,Tracy Walker,FS,29.0,73,210,DET
46152,Orlando Brown,T,28.0,80,345,KC
46153,Justin Jones,DT,28.0,75,309,CHI
46155,Mark Andrews,TE,29.0,77,255,BAL
46156,Arden Key,OLB,28.0,77,240,JAX
46158,Joseph Noteboom,T,29.0,77,321,LA
46161,Chukwuma Okorafor,T,27.0,78,320,PIT
46162,Ronnie Harrison,SS,27.0,75,214,CLE
46163,Alex Cappa,G,29.0,78,305,CIN
46165,Harrison Phillips,DT,28.0,75,307,MIN
46166,Mason Cole,C,28.0,77,292,PIT
46170,Ian Thomas,TE,28.0,75,260,CAR
46173,Nyheim Hines,RB,27.0,69,198,IND
46180,Brian Allen,C,29.0,74,302,LA
46183,Da'Shawn Hand,DE,28.0,75,297,TEN
46185,Dorance Armstrong,DE,27.0,76,255,DAL
46186,Jordan Whitehead,SS,27.0,70,198,NYJ
46187,Anthony Averett,CB,29.0,71,178,LV
46188,Kyzir White,ILB,28.0,74,216,PHI
46189,Will Dissly,TE,28.0,76,267,SEA
46190,Taron Johnson,CB,28.0,71,192,BUF
46192,Durham Smythe,TE,29.0,78,260,MIA
46194,Avonte Maddox,CB,28.0,69,184,PHI
46197,Kentavius Street,DT,28.0,74,287,NO
46199,Josh Sweat,DE,27.0,77,253,PHI
46203,Chase Edmonds,RB,28.0,69,210,MIA
46204,John Franklin-Myers,DE,28.0,76,288,NYJ
46205,Marquis Haynes,OLB,30.0,74,235,CAR
46206,Dalton Schultz,TE,28.0,77,242,DAL
46211,D.J. Reed,CB,27.0,69,188,NYJ
46212,Ja'Whaun Bentley,ILB,28.0,74,255,NE
46213,Justin Watson,WR,28.0,75,215,KC
46214,Bilal Nichols,DT,28.0,75,313,LV
46215,Tre Flowers,CB,29.0,75,203,CIN
46226,Tyler Conklin,TE,29.0,75,254,NYJ
46229,Ogbonnia Okoronkwo,DE,29.0,73,253,HOU
46232,Tim Settle,DT,27.0,75,308,BUF
46235,Wyatt Teller,G,29.0,76,315,CLE
46243,Marquez Valdes-Scantling,WR,30.0,76,207,KC
46249,Folorunso Fatukasi,DT,29.0,76,318,JAX
46255,Jake Martin,DE,28.0,74,242,NYJ
46256,Ray-Ray McCloud,WR,28.0,69,190,SF
46259,DeShon Elliott,FS,27.0,73,210,DET
46263,Russell Gage,WR,28.0,72,184,TB
46264,Sebastian Joseph,NT,29.0,76,310,LAC
46269,Foyesade Oluokun,ILB,29.0,74,215,JAX
46270,Boston Scott,RB,29.0,66,203,PHI
46275,Matt Pryor,T,29.0,79,332,IND
46276,Equanimeous St. Brown,WR,28.0,77,214,CHI
46277,Cedrick Wilson,WR,29.0,77,188,MIA
46279,Braxton Berrios,WR,29.0,69,190,NYJ
46282,Colby Gossett,G,29.0,77,331,ATL
46290,Matthew Adams,OLB,28.0,72,229,CHI
46302,Jordan Mailata,T,27.0,80,344,PHI
46304,Zaire Franklin,OLB,28.0,72,236,IND
46307,Zach Sieler,DT,29.0,78,290,MIA
46309,Richie James,WR,29.0,69,185,NYG
46312,Keion Crossen,CB,28.0,70,185,MIA
46331,Ross Dwelley,TE,29.0,77,240,SF
46354,Emmanuel Moseley,CB,28.0,71,184,SF
46362,Cam Sims,WR,28.0,77,214,WAS
46376,Coleman Shelton,G,29.0,77,285,LA
46377,Jeffery Wilson,RB,28.0,72,194,SF
46378,J.T. Gray,SS,28.0,72,202,NO
46387,Kendal Vickers,DT,29.0,75,295,LV
46404,J.C. Hassenauer,C,30.0,74,295,PIT
46407,Chris Lammons,CB,28.0,70,190,KC
46456,Darious Williams,CB,31.0,69,187,JAX
46457,Olasunkanmi Adeniyi,OLB,27.0,73,248,TEN
46461,Mike Boone,RB,29.0,70,205,DEN
46487,Poona Ford,DE,28.0,71,310,SEA
46501,Elijah Campbell,CB,29.0,71,193,MIA
46506,Dontrell Hilliard,RB,29.0,71,202,TEN
46522,Byron Pringle,WR,30.0,73,205,CHI
46527,Frankie Luvu,ILB,28.0,75,235,CAR
46649,Jeremy Reaves,FS,28.0,71,205,WAS
46652,Chandon Sullivan,CB,28.0,71,189,MIN
46657,Dennis Gardeck,OLB,30.0,72,232,ARI
46669,Jonathan Owens,FS,29.0,71,210,HOU
46671,Trent Sherfield,WR,28.0,73,219,MIA
46674,Ezekiel Turner,ILB,28.0,74,214,ARI
46698,Levi Wallace,CB,29.0,72,179,PIT
46711,Ryan Neal,SS,28.0,75,200,SEA
46729,Brandon Facyson,CB,30.0,74,197,IND
46755,Trenton Scott,T,30.0,77,320,PIT
46757,Charvarius Ward,CB,28.0,73,195,SF
46796,Demone Harris,DE,28.0,76,272,HOU
46797,Tanner Hudson,TE,29.0,77,239,NYG
46823,Mike Ford,CB,29.0,72,196,ATL
46830,Brandon Powell,WR,29.0,68,189,LA
46841,Matt Dickerson,DT,28.0,77,290,ATL
46846,Joshua Kalu,FS,29.0,72,203,TEN
46902,Robert Spillane,ILB,28.0,73,229,PIT
46958,Chris Board,ILB,29.0,74,230,DET
46992,KhaDarel Hodge,WR,29.0,74,205,ATL
46998,Malik Turner,WR,28.0,74,200,SF
47749,Jakob Johnson,FB,29.0,75,255,LV
47784,Kyler Murray,QB,27.0,70,207,ARI
47785,Nick Bosa,DE,27.0,76,266,SF
47786,Quinnen Williams,NT,26.0,75,303,NYJ
47787,Clelin Ferrell,DE,27.0,76,265,LV
47788,Devin White,ILB,26.0,72,237,TB
47789,Daniel Jones,QB,27.0,77,220,NYG
47790,Josh Allen,OLB,27.0,77,262,JAX
47791,T.J. Hockenson,TE,27.0,77,248,DET
47792,Ed Oliver,DT,26.0,73,287,BUF
47793,Devin Bush,ILB,26.0,71,233,PIT
47794,Jonah Williams,T,26.0,76,305,CIN
47795,Rashan Gary,OLB,26.0,77,277,GB
47796,Christian Wilkins,DT,28.0,76,315,MIA
47797,Chris Lindstrom,G,27.0,76,307,ATL
47799,Brian Burns,OLB,26.0,77,250,CAR
47800,Dexter Lawrence,DT,26.0,76,342,NYG
47801,Garrett Bradbury,C,29.0,75,305,MIN
47802,Jeffery Simmons,DT,27.0,76,300,TEN
47803,Noah Fant,TE,26.0,76,249,SEA
47804,Darnell Savage,SS,27.0,71,200,GB
47806,Tytus Howard,T,28.0,77,322,HOU
47807,Josh Jacobs,RB,26.0,70,220,LV
47808,Marquise Brown,WR,27.0,69,170,ARI
47809,Montez Sweat,DE,28.0,78,262,WAS
47810,Johnathan Abram,SS,28.0,72,205,LV
47811,Jerry Tillery,DT,28.0,78,295,LAC
47814,Kaleb McGary,T,29.0,78,306,ATL
47816,Byron Murphy,CB,26.0,71,190,ARI
47817,Rock Ya-Sin,CB,28.0,72,190,LV
47818,Jawaan Taylor,T,26.0,77,312,JAX
47819,Deebo Samuel,WR,28.0,71,214,SF
47820,Greg Little,T,27.0,77,310,MIA
47824,Dalton Risner,G,29.0,77,312,DEN
47826,Jahlani Tavai,ILB,28.0,74,250,NE
47831,Erik McCoy,C,27.0,76,315,NO
47832,Ben Banogu,DE,28.0,75,252,IND
47833,Irv Smith,TE,26.0,74,240,MIN
47834,A.J. Brown,WR,27.0,72,226,PHI
47835,Drew Sample,TE,28.0,76,259,CIN
47836,Miles Sanders,RB,27.0,71,211,PHI
47839,Mecole Hardman,WR,26.0,70,187,KC
47841,Trysten Hill,DT,26.0,75,308,DAL
47842,Parris Campbell,WR,27.0,72,205,IND
47843,Nasir Adderley,FS,27.0,72,206,LAC
47844,Taylor Rapp,FS,26.0,72,208,LA
47845,Andy Isabella,WR,27.0,69,190,ARI
47846,Juan Thornhill,FS,29.0,72,205,KC
47847,DK Metcalf,WR,26.0,76,230,SEA
47848,Zach Allen,DE,27.0,76,281,ARI
47849,Diontae Johnson,WR,28.0,70,181,PIT
47852,Josh Oliver,TE,27.0,77,250,BAL
47853,Darrell Henderson,RB,27.0,68,200,LA
47854,Dre'Mont Jones,DE,27.0,75,281,DEN
47855,Germaine Pratt,OLB,28.0,74,245,CIN
47856,David Montgomery,RB,27.0,70,222,CHI
47857,Devin Singletary,RB,27.0,67,203,BUF
47859,Terry McLaurin,WR,29.0,72,210,WAS
47862,David Long,CB,26.0,71,196,LA
47863,Sione Takitaki,OLB,29.0,73,238,CLE
47864,Will Harris,SS,28.0,73,207,DET
47865,Nate Davis,G,28.0,75,316,TEN
47867,Khalen Saunders,DT,28.0,72,324,KC
47870,Damien Harris,RB,27.0,71,215,NE
47871,Cody Barton,MLB,27.0,74,237,SEA
47872,Bobby Okereke,ILB,28.0,73,234,IND
47873,Connor McGovern,G,27.0,77,308,DAL
47874,Trey Pipkins,T,28.0,78,307,LAC
47876,Miles Boykin,WR,28.0,76,220,PIT
47877,Jamel Dean,CB,28.0,73,206,TB
47878,Oshane Ximines,OLB,27.0,76,250,NYG
47879,Dawson Knox,TE,27.0,76,254,BUF
47881,Quincy Williams,OLB,28.0,71,226,NYJ
47882,Mike Edwards,FS,28.0,70,200,TB
47884,Yodny Cajuste,T,28.0,77,310,NE
47885,Alexander Mattison,RB,26.0,71,220,MIN
47888,Chauncey Gardner-Johnson,SS,26.0,71,208,PHI
47889,Maxx Crosby,DE,27.0,77,255,LV
47890,Anthony Nelson,OLB,27.0,79,272,TB
47891,Julian Love,SS,26.0,71,193,NYG
47896,Justice Hill,RB,26.0,70,200,BAL
47899,Amani Hooker,FS,26.0,71,210,TEN
47900,Austin Bryant,OLB,27.0,78,261,DET
47906,Ben Powers,G,28.0,76,310,BAL
47907,Phil Haynes,G,29.0,76,322,SEA
47911,Tony Pollard,RB,27.0,72,209,DAL
47913,Drue Tranquill,ILB,29.0,74,234,LAC
47915,Ugochukwu Amadi,FS,27.0,69,201,TEN
47917,Greg Gaines,NT,28.0,73,312,LA
47918,John Cominsky,DT,28.0,77,285,DET
47920,Foster Moreau,TE,27.0,76,250,LV
47922,Deionte Thompson,SS,27.0,73,196,ARI
47924,Zach Gentry,TE,28.0,80,265,PIT
47929,Amani Oruwariye,CB,28.0,74,203,DET
47931,Dre Greenlaw,ILB,27.0,72,225,SF
47932,Hunter Renfrow,WR,28.0,70,185,LV
47934,Andrew Van Ginkel,OLB,29.0,76,242,MIA
47938,Mack Wilson,OLB,26.0,73,240,NE
47939,Justin Hollins,OLB,28.0,77,248,LA
47941,Michael Jackson,CB,27.0,73,210,SEA
47942,Byron Cowart,DT,28.0,75,300,IND
47944,Charles Omenihu,DE,27.0,77,280,SF
47947,E.J. Speed,OLB,29.0,76,230,IND
47952,David Edwards,G,27.0,78,308,LA
47956,Cole Holcomb,ILB,28.0,73,240,WAS
47970,Juwann Winfree,WR,28.0,75,215,GB
47971,David Long,ILB,28.0,71,224,TEN
47973,Armon Watts,NT,28.0,77,295,CHI
47974,Marcus Epps,SS,28.0,72,191,PHI
47975,Isaiah Buggs,DT,28.0,75,295,DET
47980,Trace McSorley,QB,29.0,72,202,ARI
47984,Rashad Fenton,CB,27.0,71,188,KC
47987,Travis Homer,RB,26.0,70,202,SEA
47995,Dennis Daley,T,28.0,78,324,TEN
47996,Donovan Wilson,SS,29.0,72,204,DAL
47999,Nick Allegretti,G,28.0,76,320,KC
48011,Tommy Sweeney,TE,29.0,77,251,BUF
48013,Quinton Bell,OLB,28.0,76,253,ATL
48026,Nick Scott,SS,29.0,71,200,LA
48027,Kaden Elliss,OLB,29.0,75,240,NO
48032,Michael Dogbe,DE,28.0,75,284,ARI
48089,Malik Reed,OLB,28.0,74,235,PIT
48096,Andrew Beck,TE,28.0,75,255,DEN
48097,Jakobi Meyers,WR,27.0,74,200,NE
48118,Ashton Dulin,WR,27.0,73,215,IND
48123,Kevin Givens,DT,27.0,73,285,SF
48159,Sam Mustipher,C,28.0,74,311,CHI
48181,Yosuah Nijman,T,28.0,79,314,GB
48198,Bryan Mone,NT,29.0,75,366,SEA
48207,Khari Blasingame,FB,28.0,72,233,CHI
48220,Patrick Mekari,G,27.0,76,308,BAL
48225,Lester Cotton,G,28.0,76,335,LV
48233,Alec Ingold,FB,28.0,73,242,MIA
48235,Andre James,C,27.0,76,300,LV
48241,Keisean Nixon,CB,27.0,70,200,GB
48259,Darius Harris,ILB,28.0,74,238,KC
48268,Azeez Al-Shaair,ILB,27.0,74,228,SF
48374,Olamide Zaccheaus,WR,27.0,68,193,ATL
48415,Deonte Harty,WR,26.0,66,170,NO
48447,P.J. Locke,FS,27.0,70,202,DEN
48455,Matt Nelson,T,28.0,79,299,DET
48462,Kevin Strong,DE,28.0,76,285,TEN
48473,Jonathan Ledbetter,DE,27.0,76,280,ARI
48475,Chris Myarick,TE,29.0,77,255,NYG
48476,Nik Needham,CB,28.0,72,193,MIA
48489,David Sills,WR,28.0,75,210,NYG
48512,Ryan Bates,C,27.0,76,300,BUF
48516,T.J. Edwards,ILB,28.0,73,240,PHI
48520,Anthony Rush,DT,28.0,77,350,ATL
48530,Stanley Morgan,WR,28.0,72,205,CIN
48537,Carl Granderson,DE,27.0,77,261,NO
48541,Lil'Jordan Humphrey,WR,26.0,76,225,NE
48544,Shy Tuttle,DT,29.0,75,300,NO
48556,Jalen Guyton,WR,27.0,73,212,LAC
48566,Daniel Wise,DE,28.0,75,279,WAS
48581,Roderic Teamer,SS,27.0,72,205,LV
48601,Tyron Johnson,WR,28.0,73,193,LV
48646,Greg Dortch,WR,26.0,67,173,ARI
48657,Jeff Smith,WR,27.0,73,195,NYJ
48683,Joe Fortson,TE,28.0,78,230,KC
48723,Parker Hesse,TE,29.0,75,261,ATL
48770,Marquise Copeland,DT,27.0,74,285,LA
48988,Gunner Olszewski,WR,27.0,72,190,PIT
49410,Jalen Thompson,FS,26.0,71,190,ARI
52272,Dee Alford,CB,,72,170,ATL
52409,Joe Burrow,QB,27.0,76,216,CIN
52411,Jeff Okudah,CB,25.0,73,200,DET
52412,Andrew Thomas,T,25.0,77,326,NYG
52413,Tua Tagovailoa,QB,26.0,73,218,MIA
52414,Justin Herbert,QB,26.0,78,237,LAC
52415,Derrick Brown,DE,26.0,77,318,CAR
52416,Isaiah Simmons,DB,26.0,75,225,ARI
52417,C.J. Henderson,CB,26.0,73,191,CAR
52418,Jedrick Wills,T,25.0,77,320,CLE
52421,Tristan Wirfs,T,25.0,77,322,TB
52422,Javon Kinlaw,DT,27.0,78,310,SF
52423,Jerry Jeudy,WR,25.0,73,192,DEN
52424,A.J. Terrell,CB,26.0,74,190,ATL
52425,CeeDee Lamb,WR,25.0,74,189,DAL
52426,Austin Jackson,T,25.0,78,310,MIA
52428,K'Lavon Chaisson,OLB,25.0,76,250,JAX
52430,Justin Jefferson,WR,,75,192,MIN
52431,Kenneth Murray,ILB,25.0,75,234,LAC
52432,Cesar Ruiz,G,25.0,75,319,NO
52433,Brandon Aiyuk,WR,26.0,73,206,SF
52434,Jordan Love,QB,26.0,76,220,GB
52435,Jordyn Brooks,ILB,27.0,73,245,SEA
52436,Patrick Queen,ILB,25.0,73,227,BAL
52440,Clyde Edwards-Helaire,RB,25.0,68,209,KC
52441,Tee Higgins,WR,25.0,76,210,CIN
52442,Michael Pittman,WR,27.0,76,220,IND
52443,D'Andre Swift,RB,25.0,70,211,DET
52444,Xavier McKinney,FS,26.0,73,197,NYG
52445,Kyle Dugger,FS,28.0,74,216,NE
52446,Yetur Gross-Matos,OLB,26.0,77,264,CAR
52447,Robert Hunt,G,28.0,77,322,MIA
52448,Ross Blacklock,DT,26.0,76,305,MIN
52449,Jonathan Taylor,RB,25.0,71,221,IND
52451,Cole Kmet,TE,25.0,78,258,CHI
52452,Grant Delpit,SS,26.0,75,203,CLE
52453,Antoine Winfield,FS,26.0,69,205,TB
52454,K.J. Hamler,WR,25.0,69,176,DEN
52456,Darrell Taylor,OLB,27.0,75,253,SEA
52457,Chase Claypool,WR,26.0,76,227,PIT
52458,Jaylon Johnson,CB,25.0,72,195,CHI
52459,Trevon Diggs,CB,,74,207,DAL
52460,Cam Akers,RB,25.0,71,212,LA
52461,Jalen Hurts,QB,26.0,74,218,PHI
52462,A.J. Epenesa,DE,26.0,77,280,BUF
52464,Raekwon Davis,NT,,79,310,MIA
52466,Ezra Cleveland,G,26.0,78,310,MIN
52468,Josh Uche,OLB,26.0,74,250,NE
52469,Kristian Fulton,CB,26.0,72,200,TEN
52470,A.J. Dillon,RB,26.0,73,250,GB
52471,Willie Gay,OLB,26.0,74,235,KC
52472,Jeremy Chinn,FS,26.0,75,212,CAR
52473,Logan Wilson,ILB,28.0,74,250,CIN
52474,Antonio Gibson,RB,26.0,74,221,WAS
52478,Brandon Jones,SS,26.0,72,205,MIA
52479,Justin Madubuike,DT,26.0,75,300,BAL
52480,Josh Jones,G,27.0,79,310,ARI
52481,Davon Hamilton,DT,27.0,76,310,JAX
52483,Jonah Jackson,G,27.0,76,305,DET
52489,Bryan Edwards,WR,25.0,75,215,ATL
52490,Neville Gallimore,DT,27.0,74,302,DAL
52491,Lloyd Cushenberry,C,26.0,76,315,DEN
52492,Terrell Lewis,OLB,26.0,77,252,LA
52493,Julian Blackmon,FS,26.0,73,204,IND
52494,Zack Moss,RB,26.0,70,215,BUF
52496,Jordan Elliott,DT,26.0,76,315,CLE
52497,Cameron Dantzler,CB,26.0,74,185,MIN
52498,Jonathan Greenard,DE,27.0,75,259,HOU
52500,Devin Duvernay,WR,27.0,71,210,BAL
52502,Josiah Deguara,TE,27.0,75,240,GB
52505,Jacob Phillips,MLB,25.0,76,233,CLE
52506,Malik Harrison,OLB,26.0,75,245,BAL
52510,Alex Highsmith,OLB,27.0,76,242,PIT
52513,Adam Trautman,TE,27.0,78,253,NO
52515,Akeem Davis-Gaither,OLB,27.0,74,215,CIN
52516,Saahdiq Charles,T,25.0,76,295,WAS
52517,John Simpson,G,27.0,76,330,LV
52518,Darnay Holmes,CB,26.0,70,198,NYG
52520,Joshua Kelley,RB,26.0,71,219,LAC
52522,Leki Fotu,DT,26.0,77,335,ARI
52523,Harrison Bryant,TE,26.0,77,240,CLE
52524,Ben Bartch,G,26.0,78,305,JAX
52525,D.J. Wonnum,OLB,27.0,77,260,MIN
52526,Albert Okwuegbunam,TE,26.0,77,255,DEN
52527,Mykal Walker,ILB,27.0,75,219,ATL
52529,Logan Stenberg,G,27.0,78,320,DET
52534,Charlie Heck,T,27.0,80,315,HOU
52535,K'Von Wallace,SS,27.0,71,208,PHI
52536,Gabe Davis,WR,25.0,75,213,BUF
52538,James Lynch,NT,25.0,76,295,MIN
52539,Rashard Lawrence,NT,,74,308,ARI
52541,Colby Parkinson,TE,25.0,79,251,SEA
52542,Jaylinn Hawkins,FS,27.0,74,210,ATL
52543,Kevin Dotson,G,28.0,76,321,PIT
52544,Brycen Hopkins,TE,27.0,77,245,LA
52546,L'Jarius Sneed,CB,27.0,73,193,KC
52547,Amik Robertson,CB,26.0,69,183,LV
52551,Ben Bredeson,G,26.0,76,325,NYG
52554,Tyler Biadasz,C,26.0,75,320,DAL
52557,Danny Pinter,G,28.0,76,300,IND
52563,Trevis Gipson,OLB,27.0,76,268,CHI
52566,Bryce Hall,CB,,73,201,NYJ
52571,Kindle Vildor,CB,26.0,71,190,CHI
52574,Quintez Cephus,WR,26.0,73,205,DET
52578,Broderick Washington,DT,27.0,75,305,BAL
52581,Darnell Mooney,WR,27.0,71,172,CHI
52584,K.J. Osborn,WR,27.0,72,200,MIN
52585,Michael Danna,DE,,74,255,KC
52588,Hakeem Adeniji,G,26.0,77,300,CIN
52590,Michael Onwenu,G,26.0,75,350,NE
52592,Bravvion Roy,DT,,73,333,CAR
52594,Alohi Gilman,SS,27.0,71,202,LAC
52595,Donovan Peoples-Jones,WR,25.0,74,208,CLE
52598,Charlie Woerner,TE,27.0,77,245,SF
52600,Jon Runyan,G,27.0,77,321,GB
52607,Jordan Fuller,SS,26.0,74,205,LA
52608,Quez Watkins,WR,26.0,74,190,PHI
52609,James Proche,WR,28.0,72,193,BAL
52611,Blake Brandel,T,27.0,79,307,MIN
52614,Tyler Davis,TE,27.0,76,250,GB
52616,Jake Hanson,C,27.0,77,297,GB
52618,Prince Tega Wanogho,T,26.0,79,310,KC
52623,Markus Bailey,ILB,27.0,73,240,CIN
52625,Jauan Jennings,WR,27.0,75,214,SF
52630,Eno Benjamin,RB,25.0,70,210,ARI
52637,James Smith-Williams,DE,,75,265,WAS
52641,Casey Toohill,DE,28.0,76,247,WAS
52647,Dane Jackson,CB,27.0,71,185,BUF
52650,Jonathan Garvin,OLB,25.0,76,250,GB
52660,Tyrie Cleveland,WR,27.0,74,205,DEN
52663,Tae Crowder,ILB,27.0,75,235,NYG
52673,Mitchell Wilcox,TE,27.0,76,245,CIN
52706,Jonas Griffith,ILB,,76,250,DEN
52708,Jamycal Hasty,RB,28.0,69,205,JAX
52725,Ben Ellefson,TE,28.0,75,250,MIN
52733,James Robinson,RB,26.0,70,220,JAX
52743,Benito Jones,DT,26.0,73,329,DET
52762,Tony Jones,RB,26.0,71,225,NO
52778,Andre Baccellia,WR,,70,175,ARI
52792,Tershawn Wharton,DT,26.0,76,255,KC
52846,Jonah Williams,DT,29.0,77,275,LA
52852,Myles Hartsfield,FS,27.0,71,211,CAR
52858,Giovanni Ricci,TE,28.0,75,240,CAR
52863,Krys Barnes,ILB,26.0,73,235,GB
52907,Noah Togiai,TE,27.0,76,246,PHI
52938,Terence Steele,T,27.0,78,310,DAL
52942,Juwan Johnson,TE,28.0,76,231,NO
52945,Jace Whittaker,CB,29.0,71,185,ARI
52971,Jamir Jones,OLB,,75,255,PIT
52980,Juju Hughes,FS,26.0,71,188,DET
52991,Myles Bryant,CB,26.0,68,180,NE
53047,Lawrence Cager,TE,27.0,77,220,NYJ
53063,Aaron Brewer,G,27.0,75,270,TEN
53073,Teair Tart,DT,27.0,75,290,TEN
53074,Nick Westbrook-Ikhine,WR,27.0,75,215,TEN
53079,Reggie Gilliam,FB,27.0,73,255,BUF
53098,Marquez Callaway,WR,26.0,74,204,NO
53117,Kavontae Turpin,WR,,69,153,DAL
53315,Aaron Patrick,OLB,,76,245,DEN
53430,Trevor Lawrence,QB,,78,220,JAX
53432,Trey Lance,QB,,76,226,SF
53433,Kyle Pitts,TE,,78,250,ATL
53434,Ja'Marr Chase,WR,,73,200,CIN
53435,Jaylen Waddle,WR,,70,182,MIA
53436,Penei Sewell,T,,78,325,DET
53437,Jaycee Horn,CB,,73,200,CAR
53438,Patrick Surtain,CB,,74,203,DEN
53439,DeVonta Smith,WR,,73,165,PHI
53440,Justin Fields,QB,,75,223,CHI
53441,Micah Parsons,OLB,,75,245,DAL
53442,Rashawn Slater,T,,75,305,LAC
53443,Alijah Vera-Tucker,G,,76,310,NYJ
53444,Mac Jones,QB,,75,214,NE
53445,Zaven Collins,OLB,,76,260,ARI
53447,Jaelan Phillips,OLB,,77,266,MIA
53448,Jamin Davis,OLB,,76,234,WAS
53449,Kadarius Toney,WR,,72,193,NYG
53450,Kwity Paye,DE,,75,265,IND
53451,Caleb Farley,CB,,74,207,TEN
53452,Christian Darrisaw,T,,77,314,MIN
53453,Najee Harris,RB,,74,230,PIT
53454,Travis Etienne,RB,,70,200,JAX
53455,Greg Newsome,CB,,73,188,CLE
53456,Rashod Bateman,WR,,74,210,BAL
53457,Payton Turner,DE,,78,270,NO
53458,Eric Stokes,CB,,73,190,GB
53459,Gregory Rousseau,DE,,79,253,BUF
53460,Odafe Oweh,OLB,,77,252,BAL
53461,Joe Tryon,OLB,,77,262,TB
53462,Tyson Campbell,CB,,74,185,JAX
53463,Elijah Moore,WR,,69,184,NYJ
53464,Javonte Williams,RB,,70,220,DEN
53465,Jevon Holland,FS,,73,196,MIA
53466,Landon Dickerson,G,,78,325,PHI
53467,Christian Barmore,DT,,77,310,NE
53468,Teven Jenkins,T,,78,310,CHI
53469,Richie Grant,SS,,72,194,ATL
53471,Liam Eichenberg,T,,78,308,MIA
53472,Trevon Moehrig,FS,,74,202,LV
53473,Kelvin Joseph,CB,,73,195,DAL
53474,Walker Little,T,,79,325,JAX
53476,Asante Samuel,CB,,70,180,LAC
53477,Aaron Banks,G,,77,330,SF
53480,Samuel Cosmi,T,,77,295,WAS
53481,Jeremiah Owusu-Koramoah,OLB,,73,215,CLE
53483,Dayo Odeyingbo,DE,,78,280,IND
53484,Pat Freiermuth,TE,,77,258,PIT
53485,D'Wayne Eskridge,WR,,69,190,SEA
53486,Tutu Atwell,WR,,69,153,LA
53487,Nick Bolton,ILB,,72,232,KC
53489,Pete Werner,OLB,,75,242,NO
53490,Carlos Basham,DE,,76,273,BUF
53491,Josh Myers,C,,77,312,GB
53492,Creed Humphrey,C,,77,316,KC
53494,Andre Cisco,SS,,72,203,JAX
53496,Davis Mills,QB,,76,225,HOU
53498,Joseph Ossai,DE,,76,253,CIN
53499,Brady Christensen,T,,78,297,CAR
53500,Aaron Robinson,CB,,72,193,NYG
53501,Alim McNeill,NT,,74,315,DET
53502,Milton Williams,DT,,76,278,PHI
53503,Benjamin St-Juste,CB,,75,205,WAS
53504,Osa Odighizuwa,DT,,74,280,DAL
53506,Josh Palmer,WR,,74,210,LAC
53508,Malcolm Koonce,DE,,75,250,LV
53509,Divine Deablo,OLB,,75,223,LV
53510,Hunter Long,TE,,77,253,MIA
53511,Dyami Brown,WR,,73,185,WAS
53512,Tommy Tremble,TE,,76,248,CAR
53513,Chauncey Golston,DE,,77,270,DAL
53518,Nico Collins,WR,,76,222,HOU
53519,Patrick Jones,OLB,,77,260,MIN
53520,Anthony Schwartz,WR,,72,179,CLE
53522,Spencer Brown,T,,81,321,BUF
53524,Robert Hainsey,C,,77,295,TB
53526,Tre' McKitty,TE,,77,245,LAC
53527,Quinn Meinerz,G,,75,320,DEN
53532,Ernest Jones,ILB,,74,230,LA
53533,Brandon Stephens,FS,,72,206,BAL
53534,Baron Browning,ILB,,75,240,DEN
53536,Michael Carter,RB,,70,200,NYJ
53537,Darren Hall,CB,,72,190,ATL
53539,James Hudson,T,,77,310,CLE
53540,Cam Sample,DE,,75,280,CIN
53541,Amon-Ra St. Brown,WR,,73,195,DET
53542,Derrick Barnes,ILB,,73,245,DET
53543,Drew Dalman,C,,75,300,ATL
53547,Chris Rumph,OLB,,76,235,LAC
53549,Rhamondre Stevenson,RB,,72,246,NE
53553,John Bates,TE,,78,256,WAS
53554,Camryn Bynum,FS,,73,195,MIN
53555,Chuba Hubbard,RB,,73,207,CAR
53556,Kylen Granson,TE,,75,235,IND
53557,Dan Moore,T,,77,315,PIT
53558,Jaelon Darden,WR,,69,174,TB
53560,Tylan Wallace,WR,,72,190,BAL
53561,Tommy Togiai,DT,,74,300,CLE
53564,Rashad Weaver,OLB,,77,270,TEN
53565,Marco Wilson,CB,,71,191,ARI
53571,Royce Newman,T,,77,305,GB
53574,Luke Farrell,TE,,78,258,JAX
53576,Brevin Jordan,TE,,75,245,HOU
53577,Ta'Quon Graham,DE,,76,285,ATL
53579,Kenneth Gainwell,RB,,71,191,PHI
53580,Larry Borom,T,,78,332,CHI
53581,Caden Sterns,FS,,73,205,DEN
53583,Michael Carter,CB,,70,190,NYJ
53591,Noah Gray,TE,,76,240,KC
53592,Darrick Forrest,SS,,72,200,WAS
53596,Nate Hobbs,CB,,72,195,LV
53601,Deommodore Lenoir,CB,,71,202,SF
53602,Tedarrell Slaton,DT,,77,340,GB
53608,Simi Fehoko,WR,,76,227,DAL
53609,Talanoa Hufanga,SS,,73,215,SF
53611,Adetokunbo Ogundeji,OLB,,76,268,ATL
53612,Avery Williams,RB,,69,195,ATL
53618,Marlon Tuipulotu,DT,,75,305,PHI
53621,Quinton Bohanna,DT,,77,355,DAL
53623,Elijah Mitchell,RB,,71,221,SF
53624,Roy Lopez,DT,,74,318,HOU
53633,Shi Smith,WR,,70,190,CAR
53639,Victor Dimukeje,OLB,,75,265,ARI
53640,Demetric Felton,RB,,69,185,CLE
53645,Quincy Roche,OLB,,75,232,NYG
53646,Khalil Herbert,RB,,69,212,CHI
53649,Isaiah McDuffie,ILB,,73,224,GB
53655,Trey Smith,G,,78,325,KC
53658,Mike Strachan,WR,,77,205,IND
53661,Phil Hoskins,DT,,77,280,CAR
53663,Patrick Johnson,ILB,,74,251,PHI
53667,Matt Farniok,G,,78,330,DAL
53668,Jonathon Cooper,OLB,,76,257,DEN
53674,Tre Norwood,FS,,72,180,PIT
53675,Shaka Toney,DE,,75,252,WAS
53678,Ben Skowronek,WR,,75,220,LA
53687,Dax Milne,WR,,73,190,WAS
53707,Tim Jones,WR,,73,202,JAX
53712,Michael Dwumfour,DT,,74,282,HOU
53727,Devery Hamilton,T,,81,310,NYG
53739,Shane Zylstra,TE,,77,215,DET
53861,Robert Jones,G,,77,330,MIA
53896,Tory Carter,FB,,72,244,TEN
53932,Adam Prentice,FB,,72,245,NO
53946,Jack Stoll,TE,,76,260,PHI
53959,Brock Wright,TE,,76,255,DET
54466,Travon Walker,OLB,,77,275,JAX
54467,Aidan Hutchinson,DE,,78,265,DET
54468,Derek Stingley,CB,,73,195,HOU
54469,Ahmad Gardner,CB,,75,200,NYJ
54471,Ikem Ekwonu,T,,76,320,CAR
54472,Evan Neal,T,,79,360,NYG
54473,Drake London,WR,,77,210,ATL
54474,Charles Cross,T,,77,310,SEA
54475,Garrett Wilson,WR,,72,192,NYJ
54476,Chris Olave,WR,,73,185,NO
54478,Jordan Davis,DT,,78,340,PHI
54479,Kyle Hamilton,FS,,76,220,BAL
54480,Kenyon Green,G,,76,325,HOU
54481,Jahan Dotson,WR,,71,182,WAS
54482,Zion Johnson,G,,75,305,LAC
54483,Treylon Burks,WR,,75,225,TEN
54486,Trent McDuffie,CB,,71,195,KC
54487,Quay Walker,ILB,,76,240,GB
54488,Kaiir Elam,CB,,74,196,BUF
54489,Tyler Smith,T,,78,332,DAL
54490,Tyler Linderbaum,C,,75,290,BAL
54491,Jermaine Johnson,DE,,76,260,NYJ
54492,Devin Lloyd,ILB,,75,235,JAX
54493,Devonte Wyatt,DT,,75,315,GB
54494,Cole Strange,G,,78,301,NE
54495,George Karlaftis,DE,,76,275,KC
54496,Dax Hill,FS,,72,192,CIN
54498,Logan Hall,DE,,78,275,TB
54499,Christian Watson,WR,,77,208,GB
54500,Roger McCreary,CB,,72,188,TEN
54501,Breece Hall,RB,,73,220,NYJ
54502,Jalen Pitre,FS,,72,200,HOU
54503,Arnold Ebiketie,OLB,,75,256,ATL
54504,Kyler Gordon,CB,,72,195,CHI
54505,Boye Mafe,OLB,,76,265,SEA
54508,Wan'Dale Robinson,WR,,71,185,NYG
54512,Phidarian Mathis,DT,,76,312,WAS
54513,Jaquan Brisker,SS,,73,202,CHI
54517,George Pickens,WR,,75,200,PIT
54518,Alec Pierce,WR,,75,213,IND
54519,Skyy Moore,WR,,70,195,KC
54521,Sam Williams,DE,,76,265,DAL
54522,Luke Goedeke,G,,77,310,TB
54524,Ed Ingram,G,,76,295,MIN
54526,Drake Jackson,DE,,76,250,SF
54527,Bryan Cook,SS,,73,210,KC
54528,James Cook,RB,,71,190,BUF
54530,Luke Fortner,C,,78,300,JAX
54532,Joshua Ezeudu,G,,76,325,NYG
54533,Martin Emerson,CB,,74,200,CLE
54534,Nicholas Petit-Frere,T,,77,310,TEN
54535,Chad Muma,ILB,,75,242,JAX
54537,Abraham Lucas,T,,79,319,SEA
54538,Jelani Woods,TE,,79,265,IND
54542,Bernhard Raimann,T,,79,305,IND
54543,Alex Wright,DE,,79,270,CLE
54548,Nakobe Dean,ILB,,72,225,PHI
54549,DeMarvin Leal,DE,,76,290,PIT
54550,Marcus Jones,CB,,68,185,NE
54552,Cameron Thomas,OLB,,77,270,ARI
54555,Dylan Parham,G,,75,285,LV
54556,Rachaad White,RB,,74,210,TB
54560,Zach Carter,DT,,76,290,CIN
54561,Nick Cross,SS,,73,215,IND
54564,David Bell,WR,,74,205,CLE
54568,Leo Chenal,OLB,,74,261,KC
54571,Cade Otton,TE,,77,250,TB
54572,Dameon Pierce,RB,,70,215,HOU
54573,Perrion Winfrey,DT,,75,290,CLE
54574,Coby Bryant,CB,,73,198,SEA
54576,Max Mitchell,T,,78,299,NYJ
54577,Daniel Bellinger,TE,,78,255,NYG
54578,Percy Butler,FS,,72,191,WAS
54582,Micheal Clemons,DE,,77,270,NYJ
54583,Akayleb Evans,CB,,74,193,MIN
54584,Jalyn Armour-Davis,CB,,73,192,BAL
54586,Jack Jones,CB,,71,170,NE
54594,Jake Ferguson,TE,,77,250,DAL
54596,Hassan Haskins,RB,,73,220,TEN
54597,Romeo Doubs,WR,,74,200,GB
54599,Spencer Burford,G,,77,295,SF
54600,Joshua Williams,CB,,75,197,KC
54601,Cordell Volson,G,,79,310,CIN
54604,Isaiah Likely,TE,,76,240,BAL
54605,Zach Tom,T,,77,295,GB
54606,Damarion Williams,CB,,69,180,BAL
54608,Chigoziem Okonkwo,TE,,75,250,TEN
54611,Micah McFadden,ILB,,74,232,NYG
54612,D.J. Davidson,DT,,77,325,NYG
54618,Tariq Woolen,CB,,76,205,SEA
54624,Eric Johnson,DT,,77,298,IND
54625,Otito Ogbonnia,DT,,76,320,LAC
54628,Kyle Philips,WR,,71,191,TEN
54633,Braxton Jones,T,,79,310,CHI
54637,Samuel Womack,CB,,70,187,SF
54639,Dominique Robinson,DE,,76,256,CHI
54644,Kingsley Enagbare,OLB,,76,270,GB
54650,Christian Benford,CB,,73,205,BUF
54653,Malcolm Rodriguez,ILB,,71,225,DET
54668,Trestan Ebner,RB,,70,205,CHI
54671,Matt Henningsen,DE,,75,291,DEN
54673,Connor Heyward,TE,,72,230,PIT
54680,Lecitus Smith,C,,75,315,ARI
54683,Ko Kieft,TE,,77,265,TB
54698,Dareke Young,WR,,75,210,SEA
54703,Thayer Munford,T,,78,315,LV
54708,Jaylen Watson,CB,,75,204,KC
54709,Christian Matthew,CB,,76,200,ARI
54716,Isiah Pacheco,RB,,71,215,KC
54725,Zander Horvath,RB,,75,230,LAC
54750,Keir Thomas,OLB,,74,275,LA
54784,Jake Tonges,TE,,77,240,CHI
54846,Armani Rogers,TE,,77,227,WAS
54905,Jaylen Warren,RB,,68,225,PIT
54936,Kader Kohou,CB,,69,187,MIA
55032,Tomon Fox,OLB,,75,260,NYG
55042,Troy Hairston,FB,,71,245,HOU
55045,Kurt Hinish,DT,,73,296,HOU
55105,Luke Masterson,OLB,,73,220,LV
55158,Dennis Houston,WR,,74,205,DAL
55173,Timmy Horne,DT,,77,321,ATL
